CID,Brain,Kolb-X,Kolb-Y,Intelligence-1,Intelligence-2,Personality 
C1,BR,-5.0,7,Lo,Intra,SCOAI
C10,BL,-7.0,2,Mu,Inter,SLOEN
C100,BL,-3.0,0,Na,Intra,SCOAI
C1000,FL,-10.0,-6,Intra,Lin,RLOAN
C1001,FL,1.0,1,Lin,Lin,SCOAN
C1002,FL,3.0,-2,Inter,Intra,SLUEN
C1003,FL,-1.0,0,Vi,Intra,SCOAN
C1004,BL,-9.0,8,Mu,Intra,SLOAI
C1005,FR,4.0,6,Inter,Lo,SLOAN
C1006,FL,-5.0,2,Mu,Lin,SLUAN
C1007,FL,4.0,-2,Na,Lin,RLUAI
C1008,BL,0.0,-6,Lo,Lo,SLOAI
C1009,FL,-3.0,-1,Lo,Lo,SLUAI
C101,BR,-9.0,2,Mu,Lin,SCUAI
C1010,BR,5.0,0,Bo,Inter,SCOAN
C1011,BR,4.0,-2,Inter,Bo,RLOEI
C1012,BR,9.0,4,Mu,Lo,SCOAI
C1013,FL,-1.0,-5,Vi,Mu,RLUAN
C1014,FL,3.0,1,Lin,Lin,RLOAN
C1015,BL,-2.0,0,Inter,Bo,SLOAN
C1016,FR,8.0,-2,Mu,Intra,RCOAN
C1017,FL,-13.0,5,Lin,Intra,SLUEN
C1018,FL,4.0,6,Inter,Lo,SLUAI
C1019,FL,-7.0,6,Mu,Vi,SLUEN
C102,BL,-6.0,6,Na,Lin,RLUEN
C1020,FR,-8.0,5,Inter,Intra,RLUEN
C1021,FL,-1.0,10,Lin,Lin,SLUAN
C1022,FL,12.0,-6,Inter,Inter,RLUEI
C1023,FL,-1.0,8,Intra,Lin,SCUAN
C1024,FL,4.0,-6,Mu,Intra,SLUAN
C1025,BL,5.0,8,Bo,Vi,SCUAN
C1026,FL,-1.0,-1,Vi,Intra,SCOAN
C1027,FL,0.0,-5,Lin,Lo,SLUAN
C1028,FL,-1.0,8,Lin,Vi,SLUAN
C1029,BL,-2.0,-1,Na,Mu,SCUEI
C103,BR,1.0,7,Inter,Inter,SCUAI
C1030,BR,-3.0,-3,Bo,Vi,SCOAN
C1031,FL,1.0,-2,Lo,Mu,SLOAN
C1032,FL,8.0,1,Mu,Mu,RCOEN
C1033,FL,10.0,-6,Intra,Lo,RCOAI
C1034,BL,3.0,-6,Vi,Mu,SLOAN
C1035,FR,6.0,-1,Na,Bo,RLOAI
C1036,FR,9.0,9,Inter,Lin,RCOEN
C1037,BR,-2.0,-5,Mu,Lo,RLUAN
C1038,FL,10.0,8,Bo,Mu,RCUEI
C1039,BL,3.0,-3,Vi,Lin,SCUAN
C104,BR,0.0,-3,Lin,Lin,RLOAI
C1040,FL,7.0,3,Vi,Vi,SCOAN
C1041,FL,-3.0,-6,Lo,Intra,RCOAN
C1042,FL,2.0,-2,Inter,Lin,SLUEN
C1043,FL,2.0,6,Mu,Lo,SCOAN
C1044,FL,5.0,0,Na,Lo,RLUEN
C1045,FL,3.0,-3,Lin,Vi,SLOAI
C1046,BR,6.0,-3,Lo,Mu,RCOAN
C1047,FL,-2.0,-3,Mu,Lin,RCOAN
C1048,FL,-1.0,-6,Inter,Inter,RLOAI
C1049,FL,4.0,-2,Mu,Mu,RLUEI
C105,BL,-1.0,-2,Lo,Vi,RLUEN
C1050,BR,-8.0,1,Lo,Mu,RLUEN
C1051,FL,3.0,-5,Mu,Lin,SLOAN
C1052,FL,-3.0,3,Mu,Intra,SLOAI
C1053,FL,1.0,-4,Mu,Lin,SLUEI
C1054,BL,-5.0,5,Na,Intra,RCOAN
C1055,BL,1.0,-5,Lo,Bo,SLOAI
C1056,FL,6.0,3,Inter,Inter,RCOEN
C1057,FL,-1.0,-1,Vi,Intra,SLUAN
C1058,BL,3.0,1,Lin,Lo,RCOAN
C1059,FL,-3.0,1,Mu,Bo,SCUEN
C106,FL,5.0,2,Lo,Lo,SLUAN
C1060,FL,10.0,0,Na,Intra,RLOAN
C1061,FL,-3.0,-3,Na,Intra,RLOEI
C1062,FL,7.0,0,Inter,Mu,RLOAN
C1063,FL,-2.0,4,Mu,Vi,SLUEN
C1064,FL,2.0,1,Lo,Bo,RLOAN
C1065,FL,10.0,-5,Mu,Vi,RLUEN
C1066,BL,13.0,-2,Lo,Mu,RLUAN
C1067,BR,4.0,3,Inter,Mu,RCOEN
C1068,FL,7.0,-11,Inter,Mu,RCUAN
C1069,BL,-2.0,-1,Vi,Vi,RCUEN
C107,BR,-2.0,-3,Bo,Intra,SLOAN
C1070,FR,6.0,0,Mu,Lo,RLUEN
C1071,BR,-1.0,-5,Lin,Inter,SCOAI
C1072,BL,6.0,-3,Mu,Inter,RLOAI
C1073,BR,3.0,4,Inter,Bo,SLOEN
C1074,BL,4.0,1,Mu,Bo,SCOEN
C1075,FL,-5.0,-1,Mu,Mu,SCOEI
C1076,FL,-7.0,-1,Mu,Vi,SLUEI
C1077,FL,3.0,-3,Lo,Lo,RLOAN
C1078,BR,-3.0,-4,Mu,Lin,SLOAN
C1079,FL,-5.0,-3,Lin,Lin,RLUAN
C108,BR,-2.0,-4,Bo,Inter,SCOAI
C1080,FL,-1.0,-1,Lin,Lin,RCUEN
C1081,BL,-1.0,-3,Mu,Mu,SCUAN
C1082,FL,-7.0,-3,Mu,Intra,SLOAN
C1083,FL,6.0,-3,Lin,Lo,SLUAI
C1084,FL,0.0,3,Na,Mu,SLUAI
C1085,FL,-4.0,4,Mu,Lo,RLOAN
C1086,FL,-7.0,-3,Lin,Lin,SLOEN
C1087,BR,-1.0,3,Lo,Bo,RLUAN
C1088,FL,4.0,3,Mu,Inter,SLOAN
C1089,BL,2.0,-1,Lo,Lo,SLOAN
C109,BL,-5.0,2,Lin,Intra,SCOAI
C1090,FL,-1.0,5,Inter,Intra,SCUAI
C1091,FL,9.0,-4,Lin,Lin,RCUEN
C1092,FL,3.0,-1,Lo,Intra,SLOAN
C1093,BL,-6.0,7,Inter,Mu,RCUAN
C1094,BL,2.0,3,Na,Lo,RCOAI
C1095,BL,6.0,-4,Intra,Intra,RCOAN
C1096,FL,-6.0,2,Inter,Lo,RLOAI
C1097,FL,1.0,1,Na,Bo,SLUEN
C1098,FL,7.0,-1,Intra,Vi,SCOAN
C1099,FL,-1.0,0,Mu,Lo,SCUAN
C11,BL,0.0,1,Na,Mu,SLUAN
C110,BL,9.0,-6,Inter,Lin,SCOAI
C1100,BL,3.0,2,Mu,Vi,SLUAI
C1101,FL,6.0,1,Na,Intra,RLOAN
C1102,FL,-3.0,5,Lin,Vi,SCOAN
C1103,BR,-12.0,5,Na,Inter,SLOAN
C1104,FL,2.0,-8,Lo,Bo,SLUAI
C1105,BL,7.0,-6,Na,Lo,RCOAI
C1106,BL,-1.0,-9,Inter,Mu,RLUAI
C1107,FR,-4.0,-1,Lin,Lin,RCOAN
C1108,FR,2.0,-8,Na,Lo,RLUEN
C1109,FL,8.0,3,Inter,Inter,RLOAN
C111,BL,4.0,5,Inter,Inter,RLUEN
C1110,BL,-5.0,-1,Mu,Lo,RCOAN
C1111,FL,-3.0,-5,Na,Lo,RCUAI
C1112,BR,-2.0,3,Mu,Inter,SLUAI
C1113,BL,-3.0,-1,Lo,Intra,RCOEN
C1114,BL,0.0,1,Mu,Vi,RLOEN
C1115,FL,1.0,-2,Lo,Bo,RLUAN
C1116,BL,0.0,2,Na,Inter,SLOAI
C1117,BL,-2.0,-2,Inter,Lo,SLOAN
C1118,FL,-5.0,6,Mu,Lin,SCUAN
C1119,FL,1.0,1,Lo,Intra,RLOEN
C112,BR,2.0,-2,Mu,Bo,RCUAN
C1120,BR,-1.0,-5,Mu,Vi,SLOAN
C1121,FR,0.0,6,Mu,Lin,RCOAI
C1122,FL,-2.0,5,Mu,Intra,SLUAN
C1123,BL,-6.0,0,Mu,Bo,RLOEN
C1124,BR,-4.0,3,Inter,Lo,SCOEI
C1125,BL,-2.0,0,Mu,Vi,SCOAI
C1126,FL,-3.0,-7,Mu,Vi,SLOAI
C1127,FL,2.0,-1,Mu,Intra,SCOAN
C1128,BL,7.0,-4,Mu,Vi,SLUEN
C1129,FL,-1.0,0,Na,Inter,SLUAI
C113,BR,-8.0,-3,Lo,Intra,RCUEN
C1130,BL,-4.0,2,Lo,Lo,SCOAN
C1131,FL,3.0,-5,Mu,Lo,SCOAN
C1132,FL,-5.0,0,Lin,Intra,SLOAI
C1133,FL,-5.0,1,Lo,Inter,RCOAN
C1134,FL,-4.0,3,Intra,Mu,SLUEN
C1135,BL,1.0,1,Vi,Inter,SCUAI
C1136,BL,0.0,4,Lo,Lo,SCOAN
C1137,BL,-1.0,6,Mu,Intra,SCUAN
C1138,BL,3.0,-2,Lin,Lo,SCUAN
C1139,BR,0.0,6,Inter,Mu,SLOAN
C114,FL,15.0,11,Lo,Mu,SLUAN
C1140,FL,3.0,0,Mu,Lo,SLOEN
C1141,BR,2.0,-4,Mu,Vi,SLUAI
C1142,FL,2.0,6,Lo,Vi,SCOAN
C1143,FL,-2.0,7,Mu,Lo,SLOAN
C1144,FL,1.0,-1,Bo,Lo,RLOAN
C115,BR,-3.0,1,Inter,Bo,RLUAI
C116,FR,4.0,-1,Inter,Bo,SCOEN
C117,BR,-2.0,-6,Intra,Inter,RLUAI
C118,BR,-4.0,-4,Intra,Vi,SLUEN
C119,BR,-4.0,5,Lin,Mu,RCUAN
C12,FR,-5.0,3,Bo,Lo,SLOAN
C120,BL,-2.0,-11,Lin,Lo,SCOAI
C121,BR,-5.0,3,Na,Lin,RLUEN
C122,BR,-2.0,2,Intra,Lo,RLUEN
C123,BR,3.0,0,Lo,Intra,SCOAI
C124,FL,3.0,0,Mu,Lin,SCOAN
C125,FL,10.0,-1,Mu,Vi,RLOAN
C126,BL,10.0,-1,Mu,Vi,RLOAN
C127,FL,-1.0,-6,Mu,Lin,SCOAN
C128,FL,5.0,-2,Bo,Intra,SLOEN
C129,BL,5.0,-2,Mu,Lo,RCUEN
C13,BR,9.0,-1,Bo,Inter,SLUEN
C130,BR,5.0,-2,Lo,Intra,SLOEN
C131,FL,-2.0,4,Mu,Intra,SCOAN
C132,BL,-2.0,-3,Bo,Intra,RCOAI
C133,FL,9.0,3,Intra,Mu,SLOAN
C134,BL,5.0,1,Bo,Mu,SLOAN
C135,BR,3.0,2,Mu,Vi,SLOAN
C136,BL,4.0,-1,Lo,Vi,SLOAN
C137,BR,-3.0,-1,Lo,Vi,RLOAN
C138,FL,9.0,-7,Lo,Vi,SCOAN
C139,FL,5.0,2,Na,Bo,SCUAN
C14,BR,-4.0,-2,Lo,Lo,SCUEN
C140,BR,-3.0,5,Mu,Vi,SCUAN
C141,BR,3.0,-7,Lo,Lo,RCOAN
C142,BR,-3.0,1,Intra,Vi,RCUAN
C143,FR,0.0,-1,Inter,Lin,SCOAN
C144,FR,-5.0,4,Mu,Lin,SCOAI
C145,BL,10.0,-2,Inter,Bo,SLUAN
C146,BL,-11.0,4,Bo,Lin,SLOAN
C147,BR,2.0,-1,Lo,Vi,RLUEN
C148,FL,2.0,2,Intra,Inter,RLUAN
C149,BR,1.0,6,Intra,Intra,SCOAN
C15,FR,5.0,1,Lo,Inter,SCOAN
C150,BL,-2.0,-8,Lo,Inter,RLOEI
C151,BR,-2.0,7,Inter,Lin,SCOAI
C152,BR,2.0,2,Na,Lin,RLOEI
C153,BR,2.0,4,Bo,Vi,SCOAN
C154,BR,-7.0,-4,Lo,Bo,RLOAI
C155,BR,4.0,-3,Inter,Lo,RCOAN
C156,BL,-5.0,7,Mu,Mu,SCOAN
C157,BR,1.0,-1,Mu,Intra,SCOAN
C158,BR,1.0,1,Inter,Intra,SCOAN
C159,BR,-6.0,3,Inter,Mu,SCUAI
C16,BL,-3.0,3,Inter,Inter,SCOAI
C160,BL,-7.0,-2,Intra,Lin,SCOAN
C161,FL,-1.0,-1,Inter,Intra,SCOAN
C162,BR,-4.0,5,Bo,Intra,SCOAN
C163,BR,-5.0,12,Lo,Vi,SCOAN
C164,BR,-6.0,-1,Bo,Lin,SLOAN
C165,BL,-4.0,4,Mu,Lin,SCUAN
C166,FR,2.0,1,Lo,Lin,RLOAN
C167,BR,-4.0,-4,Lin,Lin,SCOAN
C168,FR,2.0,-4,Lin,Bo,SCOAI
C169,BL,-4.0,5,Intra,Intra,RCUAN
C17,BL,3.0,1,Bo,Mu,SCOAI
C170,BL,4.0,4,Lo,Vi,SCOAI
C171,BR,1.0,1,Bo,Vi,SLUAI
C172,BR,-1.0,5,Mu,Inter,SCUEI
C173,BL,9.0,8,Na,Lin,SCOAN
C174,BL,-8.0,-1,Lo,Vi,SCOEN
C175,BL,-5.0,0,Inter,Mu,SCOAN
C176,BR,9.0,2,Inter,Bo,RLUAN
C177,BL,6.0,3,Na,Lo,SCOAN
C178,BR,-6.0,10,Mu,Vi,SCUAN
C179,BR,-6.0,2,Lo,Inter,RCOAN
C18,BR,-2.0,-1,Inter,Vi,SCUAN
C180,BR,4.0,3,Lin,Lo,SLOAI
C181,BR,nan,-1,Na,Lo,RLUAN
C182,BR,5.0,5,Vi,Lo,SLOAN
C183,BR,2.0,-2,Lin,Lin,RLOAN
C184,FL,-2.0,-3,Intra,Mu,SCOAI
C185,FR,-7.0,3,Lo,Intra,RCOAN
C186,BL,11.0,1,Mu,Inter,RCOEN
C187,BR,-8.0,0,Mu,Inter,RCUAI
C188,BR,3.0,7,Lo,Lo,SLOAN
C189,BR,-4.0,5,Na,Inter,SCOAI
C19,FL,9.0,2,Vi,Bo,SLOAN
C190,BL,6.0,-8,Mu,Lin,RLOAI
C191,FL,-3.0,5,Lo,Mu,SCOAI
C192,BR,-2.0,-3,Lo,Lo,RCUEI
C193,FR,-10.0,1,Vi,Lin,SLUAN
C194,BR,5.0,-10,Mu,Mu,SCUEI
C195,FR,9.0,-5,Lo,Bo,SLUEI
C196,FL,3.0,2,Inter,Lo,RCUAN
C197,BL,-8.0,0,Na,Inter,SLOAN
C198,BR,-7.0,2,Lo,Bo,SLUEI
C199,BL,-1.0,-3,Lo,Inter,RCOAN
C2,BR,-5.0,5,Vi,Vi,SCOAN
C20,BR,2.0,4,Lo,Lin,SCOAN
C200,BR,-2.0,-3,Bo,Mu,SCOAN
C201,BR,-1.0,-1,Bo,Lo,RLUEI
C202,BR,-4.0,7,Lin,Inter,SCOAI
C203,BR,-1.0,-3,Mu,Bo,SCUEN
C204,BL,-2.0,0,Intra,Intra,SCOAN
C205,BL,2.0,0,Mu,Intra,RLUAN
C206,BR,2.0,4,Mu,Lin,RCOAN
C207,BL,1.0,-3,Inter,Lin,RCOAI
C208,BR,1.0,3,Intra,Bo,RCUEN
C209,BL,-1.0,3,Na,Lo,SCOAI
C21,FL,3.0,5,Bo,Mu,SLUEN
C210,BR,-2.0,4,Intra,Lo,SCUAN
C211,BR,-3.0,1,Bo,Vi,SCOAN
C212,BR,1.0,5,Vi,Mu,RCOEN
C213,BL,-3.0,1,Inter,Intra,SCOAN
C214,BR,2.0,0,Inter,Mu,SCUAI
C215,BR,-2.0,-4,Mu,Vi,SCOEN
C216,BR,3.0,1,Mu,Lin,SCOAI
C217,BR,-2.0,-4,Inter,Bo,SCOAI
C218,BR,1.0,-5,Lo,Bo,SCUAI
C219,BR,2.0,4,Inter,Lo,SCOAN
C22,BL,0.0,1,Inter,Inter,SCOAN
C220,BL,-1.0,3,Lin,Lo,SCOAN
C221,BR,-2.0,-4,Bo,Bo,SCUAN
C222,BR,3.0,-1,Mu,Intra,SLUAI
C223,BR,1.0,-5,Inter,Mu,RCUEN
C224,BR,1.0,5,Inter,Mu,SLOAN
C225,BL,2.0,-4,Na,Inter,SLOAN
C226,BL,-1.0,3,Lo,Mu,SCOAN
C227,BR,1.0,3,Lo,Mu,SCOEN
C228,BR,-1.0,3,Mu,Vi,RLOAN
C229,FR,-2.0,4,Mu,Intra,RCOAN
C23,BR,5.0,-5,Inter,Inter,SCOEI
C230,FL,2.0,0,Lo,Intra,RLUEI
C231,BR,-1.0,-5,Na,Lo,SLUEN
C232,BR,-3.0,1,Inter,Intra,SCOAN
C233,BR,-2.0,0,Inter,Lin,SCUAI
C234,BR,-2.0,4,Lin,Inter,SCOAN
C235,BR,2.0,-4,Mu,Bo,SCOAI
C236,BR,1.0,5,Lo,Lin,SCOAN
C237,BR,-2.0,0,Intra,Mu,SCOEN
C238,BR,-1.0,3,Mu,Intra,SCOAI
C239,BR,-1.0,5,Na,Inter,SLUAN
C24,FL,5.0,-3,Lin,Intra,SLOAN
C240,BL,2.0,0,Bo,Bo,SCUEN
C241,BR,3.0,-1,Na,Bo,SCOAI
C242,BL,2.0,0,Mu,Vi,SLUAN
C243,FR,-2.0,0,Inter,Mu,SCOEI
C244,FR,-2.0,-4,Lo,Lin,SCOEN
C245,BR,-2.0,0,Lo,Inter,SCOAN
C246,BR,-3.0,1,Mu,Vi,SCOAN
C247,BL,3.0,1,Intra,Lo,SLOAI
C248,BL,-1.0,-3,Mu,Intra,SCUAN
C249,BL,-1.0,-3,Lo,Inter,SLOAN
C25,FR,-2.0,0,Na,Intra,SCOAI
C250,BR,-1.0,3,Intra,Mu,RLUAN
C251,BR,3.0,1,Inter,Lo,SCUAN
C252,BL,-1.0,5,Mu,Lo,SCOAN
C253,BR,-3.0,-1,Mu,Lo,SLOAI
C254,BR,-3.0,1,Mu,Lo,SCOEN
C255,BR,1.0,3,Na,Lo,RCOAI
C256,FL,1.0,-3,Mu,Lin,RLOAN
C257,BR,-1.0,-5,Mu,Inter,RLOAN
C258,FR,1.0,3,Vi,Intra,SCUAN
C259,BL,-3.0,-1,Lo,Mu,SCOAI
C26,BR,-7.0,2,Bo,Inter,RLUEI
C260,FR,-2.0,4,Lo,Lo,SCOAN
C261,FL,2.0,0,Na,Vi,SCOAI
C262,BR,2.0,0,Lin,Lo,RCOAN
C263,BL,3.0,-1,Lo,Lin,SLUAN
C264,BR,-2.0,-4,Mu,Inter,SCOAN
C265,FL,-2.0,0,Inter,Lo,SCOAI
C266,BR,2.0,4,Vi,Inter,SLOAN
C267,BL,1.0,5,Lo,Vi,SCOAN
C268,BR,-1.0,-3,Mu,Vi,SCOAI
C269,BR,-3.0,1,Lo,Lo,SCOAN
C27,BR,0.0,1,Bo,Mu,SCUAN
C270,BL,-2.0,-4,Inter,Vi,SCOAI
C271,FR,1.0,3,Bo,Lin,SCOAI
C272,FR,1.0,5,Na,Vi,SLOAI
C273,FL,-3.0,-1,Intra,Lo,RCUAN
C274,BR,-2.0,0,Lin,Lo,SCOAN
C275,BL,-2.0,0,Lin,Vi,SCOAI
C276,BR,-3.0,1,Vi,Vi,SCOAI
C277,BL,-1.0,3,Lo,Inter,RLOAI
C278,BR,-1.0,3,Mu,Inter,RLOAI
C279,BR,-1.0,-3,Mu,Lin,SCOEN
C28,BR,-10.0,-2,Lin,Bo,SCOEN
C280,BL,2.0,-4,Lo,Intra,SCOAN
C281,BR,-1.0,3,Mu,Lo,SLOAI
C282,BR,-1.0,-5,Mu,Vi,SCOAI
C283,BL,-3.0,1,Mu,Lin,SCUAI
C284,BL,1.0,3,Mu,Inter,SCOAN
C285,FR,1.0,-3,Lo,Vi,SCOAI
C286,BR,2.0,0,Lin,Vi,RLUEN
C287,BL,1.0,-3,Mu,Mu,RCOAN
C288,BL,2.0,0,Lo,Inter,SLOEN
C289,BL,-3.0,-1,Lin,Inter,SCOAN
C29,BR,2.0,-1,Lo,Bo,SLOAN
C290,BR,-1.0,-3,Mu,Inter,SCUAN
C291,BL,1.0,5,Lin,Lin,SLOAN
C292,BR,-2.0,0,Inter,Inter,SCOAN
C293,BR,-3.0,1,Mu,Lo,SLUAN
C294,BR,1.0,-5,Mu,Inter,RLOAN
C295,BR,-3.0,1,Mu,Lin,SLUAI
C296,BR,-2.0,0,Na,Inter,SLOAN
C297,BR,-1.0,-3,Mu,Lin,SCOAI
C298,FR,2.0,0,Inter,Bo,SCUAI
C299,BL,1.0,5,Mu,Lo,SCOAN
C3,BR,-2.0,3,Inter,Intra,SCOAI
C30,BR,2.0,1,Mu,Lin,SCUAN
C300,FR,-2.0,0,Mu,Lo,RLOAN
C301,BR,1.0,-3,Mu,Bo,SCOAI
C302,FL,-2.0,0,Mu,Inter,SCOAI
C303,BL,1.0,5,Vi,Inter,SLOAN
C304,BL,-3.0,1,Bo,Vi,SCOAI
C305,BR,1.0,-3,Intra,Mu,RCUAN
C306,FL,3.0,-1,Inter,Lin,SCOAI
C307,FR,-1.0,-3,Inter,Inter,SCOAI
C308,BL,-1.0,-3,Intra,Lo,SCOAI
C309,BL,-3.0,1,Lo,Mu,SCOAI
C31,BR,-2.0,-3,Mu,Vi,RLUEN
C310,BR,-1.0,-5,Lo,Lo,SLOAN
C311,BL,-1.0,-3,Intra,Mu,SCOAI
C312,BR,-1.0,3,Inter,Bo,SCOAI
C313,BR,2.0,0,Mu,Lo,SCOAN
C314,FR,-2.0,4,Lo,Mu,SLOEN
C315,BL,-3.0,1,Mu,Bo,RLOAN
C316,BL,-1.0,-5,Lo,Vi,SCOAI
C317,BL,1.0,3,Mu,Lo,RCOAI
C318,BL,-2.0,4,Na,Lin,RLOAN
C319,BR,-2.0,0,Lo,Mu,SCOEN
C32,BL,1.0,5,Mu,Lo,SCOAN
C320,FL,-2.0,-4,Lin,Lin,SCOAI
C321,BL,1.0,5,Mu,Lo,RLOAI
C322,BR,-1.0,-3,Intra,Lin,RCOAI
C323,BR,-3.0,1,Mu,Intra,SCOAN
C324,BR,-3.0,1,Lin,Lo,SCOAN
C325,BL,1.0,3,Mu,Intra,SCOAN
C326,FL,-1.0,-5,Mu,Vi,SLOEN
C327,BR,3.0,1,Na,Vi,RCOAN
C328,BL,2.0,-4,Lin,Bo,SCOAN
C329,BL,-2.0,4,Lin,Intra,RCUAN
C33,BR,4.0,-5,Bo,Inter,SCUEN
C330,BR,-2.0,-4,Lin,Lin,SCOAN
C331,FR,-1.0,-3,Mu,Lo,SCOEN
C332,BR,2.0,0,Bo,Intra,SLOAI
C333,BL,-2.0,-4,Inter,Inter,RCOEN
C334,FR,1.0,3,Vi,Inter,SCOAI
C335,BL,-3.0,-1,Lo,Vi,SLUAN
C336,BR,-2.0,4,Intra,Mu,RLUAN
C337,BR,1.0,5,Lin,Vi,SCUAN
C338,BR,-1.0,-3,Na,Inter,SCOAI
C339,FR,1.0,5,Mu,Lo,SCOAN
C34,BL,-3.0,4,Inter,Vi,SCOAN
C340,FR,-3.0,1,Bo,Vi,SCOAI
C341,BL,-1.0,-5,Lo,Lo,SCOAN
C342,FR,-1.0,3,Lin,Lin,RLOAN
C343,BR,2.0,-4,Intra,Lo,SCOAI
C344,BL,-2.0,0,Mu,Lo,SLOEN
C345,BR,2.0,-4,Lin,Lin,SCOAI
C346,BR,1.0,3,Mu,Lo,SCOAI
C347,FR,-1.0,-5,Na,Lo,RCOEI
C348,FL,-2.0,0,Inter,Bo,RLUEN
C349,BL,-2.0,0,Mu,Intra,SCOAI
C35,BR,3.0,3,Na,Lin,SCOAI
C350,BL,1.0,-1,Na,Lin,SCOAI
C351,BR,6.0,48,Lin,Bo,SCOAI
C352,BL,9.0,-5,Inter,Intra,RCOEN
C353,BL,5.0,2,Bo,Bo,SCOAN
C354,BL,1.0,-5,Inter,Lin,SLOAI
C355,BR,-2.0,-7,Mu,Inter,SLUAN
C356,FL,11.0,0,Na,Bo,RLUEN
C357,BR,11.0,-6,Lo,Lin,RCOAN
C358,BR,-5.0,0,Mu,Lin,SCUAN
C359,FL,3.0,-7,Vi,Intra,SCOAI
C36,BR,-4.0,-3,Bo,Vi,SLUEI
C360,FR,-6.0,3,Mu,Vi,SCOAN
C361,FR,-1.0,-2,Lin,Lin,SLOEN
C362,FL,-4.0,8,Lo,Bo,SCUAI
C363,FR,5.0,4,Lo,Inter,SCOEN
C364,FL,9.0,-4,Mu,Lin,SCOAI
C365,BR,0.0,4,Lo,Vi,RLOEN
C366,BR,-5.0,5,Mu,Inter,RLUEN
C367,BR,-7.0,8,Mu,Mu,SLOAI
C368,BR,0.0,-1,Inter,Lin,SLOAN
C369,BL,0.0,7,Intra,Mu,RCOAN
C37,BR,0.0,2,Inter,Mu,SCOAI
C370,BL,6.0,-9,Mu,Vi,SCOAN
C371,BR,-5.0,2,Na,Inter,RLUAI
C372,BR,7.0,-2,Mu,Inter,RLUAN
C373,BL,8.0,-5,Mu,Inter,RLOAN
C374,BR,-4.0,1,Inter,Lin,SCOAI
C375,BR,-5.0,10,Vi,Lo,SCUAN
C376,BL,-6.0,4,Lo,Intra,SLOAN
C377,BL,4.0,-7,Lo,Inter,RCOAN
C378,FL,-7.0,-2,Lin,Lo,SLOEN
C379,BL,-5.0,8,Bo,Mu,SCOAN
C38,BR,4.0,3,Lin,Vi,SCOAN
C380,BL,5.0,-5,Intra,Mu,RCOAN
C381,BL,-9.0,-3,Lin,Vi,SCOAN
C382,BR,5.0,-2,Mu,Lo,RCOAN
C383,BR,1.0,0,Na,Lin,SLOEN
C384,BR,-6.0,-4,Bo,Intra,SLUAI
C385,BL,-3.0,0,Mu,Vi,RCOEN
C386,BR,3.0,-2,Mu,Intra,SCOAN
C387,BL,-3.0,5,Inter,Mu,SCOAN
C388,BR,27.0,48,Mu,Inter,SCOAI
C389,BL,15.0,35,Lin,Inter,SLUAN
C39,FL,-11.0,2,Vi,Mu,SLUAI
C390,BR,0.0,6,Lo,Mu,SCOAN
C391,BR,0.0,4,Vi,Intra,SLUAN
C392,BR,-77.0,6,Lin,Inter,SCUEN
C393,FR,2.0,-1,Intra,Inter,SCOAI
C394,BL,-6.0,-4,Na,Lo,SCOAN
C395,BR,-6.0,2,Mu,Lo,SCOAN
C396,BL,1.0,4,Vi,Mu,RCOAN
C397,BR,1.0,4,Na,Vi,RCOAN
C398,BR,-6.0,2,Lo,Vi,RLOAI
C399,BL,-1.0,4,Inter,Lo,SCOAI
C4,BR,1.0,4,Lo,Vi,RCOEN
C40,BR,-3.0,-5,Na,Lo,SCOAN
C400,BL,-1.0,4,Na,Mu,SCOAN
C401,FR,-4.0,-6,Lin,Lin,SCUEN
C402,BR,5.0,-3,Na,Inter,SCUAI
C403,BL,7.0,-5,Na,Lin,RCOAN
C404,BR,3.0,7,Inter,Bo,RLOAN
C405,BR,3.0,6,Inter,Bo,SLOEI
C406,BL,-6.0,5,Bo,Inter,SCOEN
C407,BR,4.0,-2,Vi,Vi,SCOAI
C408,BR,-8.0,5,Mu,Lin,RCOEN
C409,BL,-1.0,-2,Lin,Lin,RLUAN
C41,BL,0.0,-4,Lin,Lo,SLUAN
C410,BL,0.0,3,Bo,Vi,SLUEI
C411,BR,0.0,-4,Mu,Mu,RLUAN
C412,BR,-4.0,5,Inter,Bo,RLUEN
C413,BR,0.0,3,Vi,Bo,RLUEN
C414,FR,0.0,-5,Mu,Vi,SLUEN
C415,BR,-8.0,5,Lo,Intra,RLUEN
C416,BR,-2.0,6,Vi,Vi,RLUEN
C417,BR,0.0,3,Mu,Vi,RLUEN
C418,BR,9.0,-3,Vi,Lin,RCUEN
C419,BL,0.0,-4,Vi,Intra,SLOAI
C42,BR,4.0,-6,Intra,Intra,SCOAI
C420,BR,1.0,3,Mu,Intra,SCOAN
C421,BL,5.0,-2,Lin,Bo,SCOAI
C422,BL,-6.0,-2,Na,Vi,SCOAN
C423,BR,-10.0,4,Bo,Inter,SCOAN
C424,BL,0.0,-4,Vi,Intra,SLOAI
C425,BR,1.0,3,Mu,Intra,SCOAN
C426,BL,5.0,-2,Lin,Bo,SCOAI
C427,BL,-6.0,-2,Na,Vi,SCOAN
C428,BR,-1.0,-5,Lin,Inter,SCUAI
C429,BL,-1.0,-4,Bo,Inter,RCUAN
C43,BL,-2.0,-3,Inter,Lo,SCOAI
C430,BL,-1.0,-7,Lin,Bo,RLUEN
C431,BL,1.0,-8,Lo,Intra,SLOEN
C432,FR,-5.0,-1,Intra,Lin,SCOAN
C433,FR,1.0,1,Intra,Lin,SCOAN
C434,FR,-5.0,-1,Intra,Mu,SCOAN
C435,BR,-6.0,-3,Lin,Mu,SCOEI
C436,BL,-7.0,0,Bo,Vi,SCOAN
C437,BL,-3.0,-6,Bo,Lo,RCUAI
C438,BL,5.0,-5,Mu,Inter,SLOAN
C439,BR,1.0,3,Inter,Intra,SCOAN
C44,BL,1.0,5,Bo,Vi,RCUAN
C440,FR,-3.0,2,Intra,Intra,RCUAN
C441,BR,2.0,-2,Lin,Lo,RCOAN
C442,FL,0.0,-3,Vi,Intra,SCOAI
C443,BR,-10.0,2,Lo,Inter,SCOEI
C444,BR,4.0,-2,Bo,Vi,SCOEI
C445,BR,3.0,4,Mu,Vi,RCOEN
C446,BR,8.0,3,Lin,Lo,RLUAN
C447,BR,-5.0,5,Intra,Lin,SCOEN
C448,BR,-7.0,0,Mu,Lo,SCOAI
C449,BR,-4.0,3,Mu,Inter,SCOAN
C45,BL,0.0,-4,Intra,Lin,SCUEI
C450,BR,4.0,2,Mu,Bo,SLUAN
C451,BL,-1.0,-2,Vi,Bo,SLUEN
C452,BR,5.0,-5,Intra,Mu,SCOAN
C453,BR,-1.0,0,Lo,Lo,SLOAN
C454,BR,-4.0,-3,Lin,Lo,RLUAI
C455,BR,-4.0,-1,Mu,Lo,SLOAN
C456,BR,-10.0,-7,Lo,Inter,RLOAI
C457,BR,-7.0,-3,Intra,Intra,SCUAN
C458,FR,-5.0,4,Na,Bo,SCOAI
C459,BR,1.0,-3,Vi,Lin,SCOAI
C46,BR,3.0,4,Inter,Vi,SLUAI
C460,BR,6.0,2,Lin,Lo,SCOAI
C461,BR,1.0,-3,Inter,Inter,SCOAI
C462,BR,1.0,3,Mu,Lo,SCOAI
C463,BL,4.0,3,Lin,Lin,SCOAN
C464,BL,5.0,-5,Lo,Lo,SLOAN
C465,FL,-4.0,2,Bo,Vi,RLUEN
C466,BR,3.0,-4,Lo,Lo,SCOAI
C467,BR,-8.0,11,Lo,Lo,SCOAN
C468,FL,-1.0,0,Vi,Lin,SCOAN
C469,BR,-5.0,1,Vi,Lo,SCUAN
C47,BR,4.0,1,Lo,Lo,RLUEN
C470,BL,4.0,12,Mu,Inter,RLUAN
C471,BR,-3.0,-1,Intra,Vi,SCOAN
C472,BL,1.0,-1,Bo,Inter,SCOAN
C473,BR,-5.0,1,Lo,Inter,SLOAN
C474,BR,6.0,2,Lo,Inter,SCOAI
C475,FL,2.0,5,Intra,Bo,SCOAI
C476,BR,-2.0,-3,Lin,Vi,RLOAN
C477,BL,5.0,3,Vi,Lo,RCUAI
C478,BR,-4.0,0,Vi,Lin,RLUEN
C479,FR,1.0,5,Mu,Inter,SCOAI
C48,BR,-5.0,1,Bo,Vi,RLUEN
C480,BL,0.0,3,Inter,Lo,RCUAI
C481,BR,-3.0,5,Lin,Intra,SCOAN
C482,BR,1.0,-1,Na,Inter,SCUAI
C483,FR,-2.0,-2,Lo,Intra,RCOAN
C484,BR,3.0,-3,Intra,Bo,SCOAI
C485,BR,-3.0,5,Mu,Lin,SCOAI
C486,BL,2.0,-2,Na,Lin,SCOAN
C487,BR,3.0,1,Lo,Intra,SCOAI
C488,BL,-2.0,-2,Inter,Intra,SCUAI
C489,BR,3.0,-2,Intra,Lin,SCOEI
C49,BR,1.0,-1,Bo,Vi,RLUEN
C490,BR,2.0,-1,Bo,Intra,SCOAN
C491,BL,-3.0,4,Bo,Lin,SCOAN
C492,BL,-4.0,-2,Bo,Inter,SCOAI
C493,BR,-3.0,4,Lin,Inter,RLUEI
C494,BR,3.0,7,Inter,Bo,RLOAN
C495,BL,1.0,1,Intra,Lo,SLOAN
C496,BR,-3.0,-2,Na,Lo,SLOEI
C497,BL,-9.0,0,Inter,Intra,SCOAN
C498,BR,9.0,-3,Vi,Lin,RCUEN
C499,BR,0.0,3,Mu,Lo,SCOAN
C5,BL,1.0,-1,Mu,Vi,RLUEN
C50,BL,1.0,-3,Lo,Intra,RLUEN
C500,FL,-1.0,0,Lin,Lin,SLUAI
C501,BR,-3.0,6,Lin,Lo,SCUAN
C502,FL,4.0,1,Intra,Mu,SCOAN
C503,BR,-6.0,-4,Na,Intra,SLUAN
C504,BL,-8.0,-3,Na,Lo,SCOAI
C505,BR,2.0,3,Mu,Inter,SCUAN
C506,FR,0.0,4,Lo,Bo,SCUAN
C507,BR,-6.0,-5,Lin,Lo,SCOAI
C508,BR,-7.0,-2,Mu,Bo,RCOAN
C509,BL,-8.0,0,Mu,Mu,SCOAN
C51,FR,-4.0,4,Mu,Mu,SCOAN
C510,BL,5.0,-1,Lo,Intra,RCOAN
C511,FR,-3.0,-4,Lin,Lo,RCOAN
C512,BL,-5.0,-3,Lo,Intra,SLOAI
C513,BR,-7.0,-7,Lo,Inter,SCOAN
C514,BL,-4.0,2,Bo,Vi,SCOAN
C515,BR,0.0,-8,Bo,Vi,SCOAN
C516,BL,4.0,-4,Lo,Vi,SCOAN
C517,BR,-3.0,3,Lin,Lo,SCOAI
C518,BR,5.0,0,Bo,Intra,RCUAN
C519,BL,3.0,1,Lin,Lin,RCUAN
C52,FL,-6.0,2,Lo,Lin,SCOAI
C520,BR,-9.0,4,Mu,Inter,RLOAN
C521,BL,-2.0,-1,Intra,Intra,RLUAI
C522,FL,-1.0,10,Lo,Intra,SCOAI
C523,FR,-4.0,-1,Mu,Bo,RLUAN
C524,FL,-9.0,-5,Mu,Lo,RLUEN
C525,BL,-3.0,7,Mu,Intra,SLOEN
C526,BR,0.0,3,Mu,Lo,SCOAN
C527,FL,-1.0,0,Lin,Lin,SLUAI
C528,BR,-3.0,6,Lin,Lo,SCUAN
C529,FL,4.0,1,Intra,Mu,SCOAN
C53,BL,9.0,-11,Lo,Inter,SLOEN
C530,BR,-6.0,-4,Na,Intra,SLUAN
C531,BL,-8.0,-3,Na,Lo,SCOAI
C532,BR,2.0,3,Mu,Inter,SCUAN
C533,FR,0.0,4,Lo,Bo,SCUAN
C534,BR,-6.0,-5,Lin,Lo,SCOAI
C535,BR,-7.0,-2,Mu,Bo,RCOAN
C536,BL,-8.0,0,Mu,Mu,SCOAN
C537,BL,5.0,-1,Lo,Intra,RCOAN
C538,FR,-3.0,-4,Lin,Lo,RCOAN
C539,BL,-5.0,-3,Lo,Intra,SLOAI
C54,BR,9.0,-1,Mu,Inter,SCOAI
C540,BR,-7.0,-7,Lo,Inter,SCOAN
C541,BL,-4.0,2,Bo,Vi,SCOAN
C542,BR,0.0,-8,Bo,Vi,SCOAN
C543,BL,4.0,-4,Lo,Vi,SCOAN
C544,BR,-3.0,3,Lin,Lo,SCOAI
C545,BR,5.0,0,Bo,Intra,RCUAN
C546,BL,3.0,1,Lin,Lin,RCUAN
C547,BR,-9.0,4,Mu,Inter,RLOAN
C548,BL,-2.0,-1,Intra,Intra,RLUAI
C549,FL,-1.0,10,Lo,Intra,SCOAI
C55,BR,-1.0,9,Lo,Lin,SCOAI
C550,FR,-4.0,-1,Mu,Bo,RLUAN
C551,FL,-9.0,-5,Mu,Lo,RLUEN
C552,BL,-3.0,7,Mu,Intra,SLOEN
C553,FL,-1.0,1,Lin,Mu,SCUAN
C554,FL,0.0,5,Bo,Vi,SLUAN
C555,FR,-1.0,1,Bo,Intra,SCOAI
C556,BL,-1.0,2,Mu,Mu,SCOAN
C557,FR,-8.0,-7,Mu,Bo,SCUAN
C558,FL,5.0,-10,Mu,Intra,RCUAN
C559,FR,3.0,3,Bo,Intra,SCOAI
C56,BR,-9.0,5,Mu,Lo,SCOAN
C560,FL,-4.0,2,Mu,Intra,SCOAN
C561,BR,8.0,1,Mu,Bo,RLUAN
C562,BR,6.0,1,Na,Mu,SCUAN
C563,FL,6.0,1,Mu,Mu,SCUAI
C564,FL,9.0,-2,Lo,Inter,SCOAN
C565,BL,9.0,-2,Bo,Inter,SLOAN
C566,FR,-4.0,1,Bo,Lo,SCUAN
C567,FL,2.0,5,Inter,Mu,SLOAI
C568,FL,0.0,4,Bo,Intra,SCUAN
C569,BL,-3.0,3,Bo,Intra,SCOAN
C57,FR,0.0,-1,Bo,Intra,SCUAN
C570,FL,1.0,-4,Bo,Inter,RCUEN
C571,FL,-4.0,7,Bo,Mu,RCOAN
C572,BR,9.0,4,Bo,Mu,SCOAN
C573,BL,4.0,-8,Lo,Mu,RCOAN
C574,BR,-4.0,0,Bo,Mu,SCUAI
C575,FL,1.0,-1,Bo,Bo,RLUAN
C576,BR,-3.0,1,Bo,Lo,SCUAN
C577,FL,5.0,7,Bo,Bo,SLOAN
C578,BR,-2.0,-7,Mu,Intra,SCOAN
C579,FL,5.0,-7,Lo,Mu,SCOAI
C58,BR,0.0,2,Lo,Lo,RLOAN
C580,BR,-7.0,1,Bo,Inter,RCOAI
C581,FL,2.0,-5,Bo,Bo,SCOAI
C582,FL,8.0,0,Mu,Intra,RCOAN
C583,FL,0.0,1,Mu,Lo,RCOAN
C584,BL,5.0,-2,Lo,Mu,RCOAN
C585,FL,0.0,4,Mu,Vi,SLOAI
C586,FL,-10.0,7,Inter,Bo,SCOAN
C587,BL,-1.0,-7,Mu,Intra,SLOAI
C588,FL,-6.0,1,Mu,Intra,SCOAN
C589,FL,-6.0,2,Lo,Mu,RCUAN
C59,BR,0.0,2,Lin,Vi,SCOAI
C590,BL,-1.0,8,Bo,Inter,RCUEN
C591,BR,8.0,-13,Lin,Vi,RCOEI
C592,FL,-5.0,-1,Bo,Intra,SCOEN
C593,FL,3.0,-6,Mu,Bo,RLUAN
C594,FL,-2.0,9,Bo,Vi,SCOAI
C595,FR,-11.0,6,Bo,Mu,SCUAN
C596,FL,-6.0,1,Bo,Inter,RLUAI
C597,BL,-5.0,4,Bo,Lin,RCUEN
C598,FL,1.0,-1,Bo,Intra,RLUAI
C599,FL,-2.0,-5,Lo,Inter,RCOAI
C6,BR,-3.0,3,Lo,Lo,SCOAN
C60,BR,2.0,-1,Inter,Lin,SCOAN
C600,FL,3.0,1,Bo,Mu,RCOAN
C601,BL,-3.0,-5,Lo,Mu,SCOAN
C602,BR,-3.0,3,Bo,Bo,SCUAN
C603,FL,-7.0,-3,Bo,Mu,SCUAN
C604,FL,-3.0,4,Bo,Intra,SCUAN
C605,FL,-1.0,4,Mu,Lo,RLUAN
C606,BR,1.0,1,Inter,Lo,SLOAI
C607,BR,-5.0,-2,Lo,Intra,SLUEN
C608,BL,0.0,-4,Intra,Intra,SCOAN
C609,FL,3.0,-2,Mu,Inter,SLOAN
C61,BR,4.0,4,Lin,Vi,SCOAN
C610,BL,-2.0,2,Mu,Inter,RCOAN
C611,FL,-5.0,-1,Mu,Mu,SLUAN
C612,BR,0.0,-6,Lo,Mu,RLUEN
C613,FR,6.0,-1,Lin,Vi,RLOAN
C614,FL,2.0,-6,Mu,Lo,RLOAI
C615,FL,-1.0,5,Mu,Lin,SLUAN
C616,FL,5.0,2,Mu,Intra,SLOAI
C617,BL,3.0,-4,Lin,Lo,SCOEI
C618,FL,-6.0,4,Mu,Lo,RLOAI
C619,FL,4.0,-7,Na,Mu,SCUAI
C62,BR,-3.0,3,Mu,Lo,SCOAN
C620,FL,-2.0,7,Intra,Lin,SCOAN
C621,FL,-6.0,1,Intra,Lin,SLOAN
C622,FL,4.0,3,Lo,Lo,SCOEN
C623,FL,-5.0,7,Bo,Bo,SLOAN
C624,FL,2.0,-1,Na,Lo,RCOAN
C625,FL,1.0,1,Intra,Mu,RLOAI
C626,BL,11.0,-2,Lin,Lo,RLOAN
C627,BL,12.0,0,Mu,Vi,RCOAN
C628,FL,4.0,1,Mu,Intra,RLUAN
C629,FL,0.0,10,Na,Lo,RLUAI
C63,BR,2.0,3,Inter,Lin,SCOAN
C630,BL,-1.0,3,Mu,Vi,SLUAN
C631,FL,-1.0,6,Inter,Intra,SCUAN
C632,BL,-10.0,1,Inter,Intra,RCOAN
C633,BL,8.0,-3,Bo,Bo,RLOAN
C634,BL,-3.0,-3,Intra,Vi,SLOEN
C635,BL,-4.0,-5,Bo,Lo,SCOAI
C636,FL,10.0,-4,Mu,Lo,SCOAI
C637,BR,-8.0,2,Bo,Lo,SLUAN
C638,BL,-1.0,-4,Intra,Lo,RCUEI
C639,FL,3.0,3,Na,Inter,SCOAN
C64,FR,-3.0,-2,Na,Mu,SCOAI
C640,FL,-3.0,3,Mu,Lin,SLUAN
C641,FR,-2.0,-2,Bo,Intra,SLOAI
C642,FL,3.0,6,Inter,Mu,SLOEN
C643,FR,4.0,-8,Lin,Lin,RLOAN
C644,FL,0.0,-1,Lo,Inter,SLUAI
C645,FL,-2.0,4,Intra,Mu,SLUAN
C646,FL,-8.0,3,Intra,Lin,SLUAN
C647,BL,4.0,1,Mu,Vi,RLUAI
C648,FL,-3.0,-6,Mu,Intra,SCOAI
C649,FL,3.0,4,Lin,Intra,RCUAN
C65,BL,1.0,6,Mu,Lo,SCOAN
C650,BR,6.0,2,Na,Mu,RCUAN
C651,FR,-6.0,0,Lin,Vi,SLOAN
C652,FL,2.0,4,Lin,Vi,RLUAN
C653,FL,-2.0,5,Bo,Intra,RLUAN
C654,BL,2.0,-2,Intra,Intra,RCOAN
C655,FL,2.0,-4,Vi,Lo,SLOEN
C656,BL,-8.0,-6,Vi,Bo,RLOAN
C657,BL,-6.0,4,Lo,Inter,SCOAN
C658,FR,-6.0,-3,Inter,Lin,RLOAN
C659,FL,5.0,-3,Lo,Lo,RLUAN
C66,BL,1.0,-1,Intra,Bo,RCUAN
C660,FR,-7.0,10,Lo,Inter,SLUEN
C661,FL,1.0,-4,Lo,Inter,RLOEI
C662,FR,0.0,-1,Na,Lo,RLOEN
C663,BL,0.0,-4,Bo,Vi,SLUEN
C664,FL,0.0,7,Lin,Lo,SCOAN
C665,FL,-5.0,9,Mu,Lin,SCUAN
C666,FL,-2.0,5,Mu,Bo,RLUAN
C667,FL,4.0,-4,Na,Vi,SLOAN
C668,BL,-4.0,3,Mu,Inter,RLOAN
C669,FL,4.0,0,Lin,Lin,RLOAN
C67,BL,7.0,-5,Lo,Intra,RCOAN
C670,FL,3.0,-4,Lo,Intra,RLUAN
C671,FR,-5.0,3,Mu,Lo,SLUAN
C672,FR,-7.0,6,Lin,Lin,SCUAI
C673,FL,0.0,5,Na,Lin,SCOAN
C674,FL,-3.0,2,Mu,Mu,SLOAI
C675,FL,-5.0,0,Mu,Vi,SLUAN
C676,FL,4.0,-4,Bo,Vi,RLUAN
C677,FL,-7.0,1,Mu,Lo,SLOAN
C678,FL,0.0,5,Mu,Inter,SLUAI
C679,FL,3.0,-4,Lin,Inter,SLOAN
C68,BR,-1.0,-4,Vi,Bo,RLOAN
C680,FR,1.0,-3,Bo,Intra,RLOAI
C681,FL,-5.0,7,Intra,Mu,SLUAI
C682,FL,-7.0,-1,Intra,Lo,SLUAN
C683,FL,1.0,7,Lo,Vi,SLUAN
C684,BR,1.0,-5,Inter,Lin,RCOEN
C685,BL,-2.0,3,Lo,Lin,SCOEI
C686,BL,1.0,4,Lo,Inter,RLOAN
C687,FL,-1.0,-5,Mu,Inter,RLOAI
C688,FL,-5.0,5,Inter,Lin,SLUAN
C689,BL,7.0,-3,Lin,Lo,RLOAN
C69,BL,3.0,-2,Mu,Vi,SCOAN
C690,BL,8.0,4,Lo,Inter,RLOAN
C691,FR,2.0,1,Intra,Lo,RLOAN
C692,FR,2.0,-4,Intra,Intra,SLOEN
C693,BR,-13.0,3,Mu,Bo,SLOAN
C694,FL,-13.0,6,Lo,Mu,SLOAN
C695,FL,-8.0,-1,Mu,Vi,SLOEN
C696,FL,0.0,8,Na,Mu,RLOAN
C697,FL,1.0,10,Mu,Vi,SLUAN
C698,FL,-5.0,-2,Na,Mu,SLOAN
C699,BL,-14.0,10,Lo,Mu,SCOAI
C7,BR,-4.0,7,Lin,Inter,SCOAI
C70,FR,-1.0,-4,Bo,Mu,SCUAN
C700,FR,-1.0,-4,Lin,Inter,SLOEI
C701,BR,5.0,0,Inter,Bo,SLUAN
C702,BR,4.0,7,Na,Intra,SCOEN
C703,FL,-5.0,-2,Mu,Mu,RLUEN
C704,FL,0.0,9,Mu,Lin,SLOEN
C705,FL,1.0,5,Lo,Lin,SLOAN
C706,BL,-2.0,7,Inter,Lin,RLOAN
C707,BL,-1.0,0,Bo,Lin,SLOAN
C708,FL,2.0,5,Mu,Inter,SLOAN
C709,FL,-5.0,-4,Bo,Vi,SLOAN
C71,BR,-8.0,5,Inter,Lin,SCOAI
C710,FL,6.0,0,Vi,Intra,SCOAI
C711,FL,-3.0,8,Intra,Bo,SLOAN
C712,FL,2.0,-4,Inter,Lo,RLOAN
C713,FL,3.0,2,Bo,Inter,SCOAN
C714,BL,-10.0,5,Lin,Inter,SCUEN
C715,BR,-6.0,4,Mu,Inter,RLUEN
C716,BR,0.0,-5,Vi,Intra,SCOEN
C717,FL,-1.0,6,Mu,Vi,SLUAN
C718,FL,7.0,-2,Mu,Bo,RCOAI
C719,BL,-9.0,4,Intra,Lo,RLUAI
C72,FR,0.0,0,Bo,Inter,SCUAN
C720,BL,5.0,2,Lo,Mu,SCOAI
C721,FL,1.0,-5,Lo,Lin,SCUAI
C722,FL,-2.0,-7,Mu,Intra,SCOAI
C723,FL,11.0,0,Lo,Vi,SCOAN
C724,BL,11.0,-6,Lo,Intra,RLUAN
C725,BR,-5.0,0,Inter,Lin,RLUAN
C726,FL,3.0,-7,Inter,Lo,RLOAN
C727,FL,-6.0,3,Mu,Lo,RLUAN
C728,FL,-1.0,-2,Mu,Lin,SLUAN
C729,BR,-4.0,8,Mu,Lo,SLOAN
C73,BR,-1.0,-4,Vi,Bo,RLOAN
C730,FL,5.0,4,Lo,Intra,SCUEI
C731,FL,9.0,-4,Lin,Intra,SLUEI
C732,FL,0.0,4,Intra,Vi,RCOAN
C733,BL,-5.0,5,Inter,Lo,SCOAN
C734,BR,-7.0,8,Lin,Bo,SCOAN
C735,BR,0.0,-1,Intra,Bo,SCOAN
C736,FL,0.0,7,Na,Lo,SLOAN
C737,BL,6.0,-9,Na,Bo,SLUEN
C738,FL,-5.0,2,Intra,Bo,SCOAI
C739,FR,7.0,-2,Inter,Lo,SCOAI
C74,BR,-2.0,-9,Lin,Vi,SCOAN
C740,BL,8.0,-5,Na,Mu,RCUEN
C741,FL,-4.0,1,Lo,Lin,RLUAN
C742,BL,-5.0,10,Lin,Lin,SLUAI
C743,BL,-6.0,4,Lin,Vi,SLOAI
C744,BL,4.0,-7,Mu,Bo,SLOAN
C745,FL,-7.0,-2,Mu,Lin,SLOAN
C746,FL,-5.0,8,Mu,Intra,SLOAN
C747,BL,5.0,-5,Na,Lo,SCOAI
C748,FL,-9.0,-3,Mu,Mu,SLOAN
C749,BL,5.0,-2,Lin,Mu,RLUAI
C75,FL,3.0,-6,Vi,Intra,SLUAI
C750,FL,1.0,0,Na,Lo,RLUEN
C751,FL,-6.0,-4,Lin,Inter,SCOAI
C752,BR,-3.0,0,Mu,Vi,SCOEI
C753,BL,3.0,-2,Vi,Lin,SLOAI
C754,BR,-3.0,5,Inter,Bo,SCUAN
C755,FL,27.0,48,Lo,Inter,SLOAN
C756,BL,15.0,35,Mu,Inter,SLOAN
C757,FL,0.0,6,Lin,Lo,RLUAN
C758,FL,0.0,4,Mu,Bo,SLOAN
C759,BL,-77.0,6,Lo,Lo,RCOAN
C76,BR,-5.0,6,Inter,Inter,SCOAN
C760,FL,2.0,-1,Mu,Intra,SLUAN
C761,FL,-6.0,-4,Mu,Lo,SLUAN
C762,BL,-6.0,2,Na,Lin,RLOEN
C763,BL,1.0,4,Na,Lo,RCOAN
C764,FL,1.0,4,Mu,Vi,SLOAN
C765,BR,-6.0,2,Lo,Lo,SLOEN
C766,FL,-1.0,4,Mu,Vi,SCOAN
C767,FL,-1.0,4,Bo,Lo,SCOAN
C768,BR,-4.0,-6,Inter,Intra,SCOAI
C769,BR,5.0,-3,Intra,Intra,RLOAI
C77,BR,7.0,2,Mu,Mu,SCUAN
C770,FL,7.0,-5,Mu,Lin,SLOEN
C771,BL,3.0,7,Lo,Mu,RLOAI
C772,BL,3.0,6,Na,Lo,RLOAN
C773,BR,-6.0,5,Vi,Vi,SLOAN
C774,BR,-1.0,4,Na,Mu,SLOAN
C775,BL,1.0,1,Intra,Lo,RCOEN
C776,FL,-5.0,-2,Lo,Inter,SLOAN
C777,BL,0.0,-4,Lo,Lo,SCOAI
C778,FL,3.0,-2,Mu,Vi,RLOAN
C779,FL,-2.0,2,Bo,Mu,SLOAN
C78,BL,-7.0,6,Lo,Inter,RLUAN
C780,BR,-5.0,-1,Na,Lo,RCUAI
C781,BR,0.0,-6,Mu,Lin,SCOEN
C782,BL,6.0,-1,Lo,Lin,SLOEN
C783,BR,2.0,-6,Na,Mu,RLOAN
C784,BL,-1.0,5,Inter,Bo,SLUAI
C785,FL,5.0,2,Bo,Vi,SCOEN
C786,FR,3.0,-4,Inter,Lo,SLOAN
C787,FL,-6.0,4,Mu,Mu,RLOAI
C788,BR,4.0,-7,Bo,Vi,SCUEN
C789,BR,-2.0,7,Mu,Mu,SLUEN
C79,BL,2.0,0,Na,Lin,SCOAN
C790,BL,-6.0,1,Na,Mu,RLUAN
C791,BL,4.0,3,Lo,Intra,RCOAN
C792,FL,-5.0,7,Lo,Bo,RCOAN
C793,BL,2.0,-1,Mu,Lo,SCOAI
C794,FL,1.0,1,Intra,Bo,SLUEI
C795,BL,11.0,-2,Na,Mu,RCOAN
C796,BR,12.0,0,Bo,Vi,RLOAN
C797,BL,4.0,1,Lo,Mu,RCOEI
C798,FL,0.0,10,Lo,Vi,SLOAN
C799,BL,-1.0,3,Bo,Inter,RCOAI
C8,BR,7.0,-4,Inter,Lo,SLOAN
C80,BR,2.0,5,Lo,Vi,SCUEI
C800,BL,-1.0,6,Lin,Lin,SCOEN
C801,FR,-10.0,1,Lo,Inter,RLOAN
C802,BL,8.0,-3,Mu,Bo,SCOEN
C803,FL,-3.0,-3,Bo,Mu,SLUEN
C804,BL,-4.0,-5,Mu,Lo,RLUAI
C805,BL,10.0,-4,Inter,Lo,SLOAN
C806,BR,-8.0,2,Mu,Mu,SCOAI
C807,BR,-1.0,-4,Bo,Lo,SLOAN
C808,FL,3.0,3,Mu,Lo,RCUAN
C809,BR,-3.0,3,Vi,Mu,SCUEI
C81,FR,18.0,0,Inter,Inter,SCOAI
C810,FL,-2.0,-2,Inter,Bo,RLOAN
C811,BL,3.0,6,Inter,Mu,SCUAN
C812,BL,4.0,-8,Lo,Bo,SCUAN
C813,BL,0.0,-1,Mu,Vi,SLOEN
C814,FR,-2.0,4,Vi,Mu,RLUAI
C815,BL,-8.0,3,Mu,Mu,SCUEN
C816,BR,4.0,1,Inter,Inter,RLOAN
C817,BL,-3.0,-6,Intra,Mu,SCOAI
C818,FL,3.0,4,Lin,Vi,RCUEN
C819,FL,6.0,2,Lin,Mu,RLUEN
C82,BR,4.0,7,Inter,Inter,RCOAN
C820,BL,-6.0,0,Lo,Mu,SLOAN
C821,BL,2.0,4,Na,Mu,SCOAN
C822,FL,-2.0,5,Mu,Bo,SLOEN
C823,FL,2.0,-2,Inter,Lo,SLUAN
C824,BL,2.0,-4,Intra,Intra,SCUEN
C825,BL,-8.0,-6,Mu,Inter,RLOAN
C826,BR,-6.0,4,Mu,Lo,SCOEI
C827,FL,-6.0,-3,Lo,Mu,RLOEN
C828,FL,5.0,-3,Lo,Intra,SCOEI
C829,BL,-7.0,10,Inter,Lo,SCUAN
C83,FR,-4.0,-3,Na,Lo,SLOAN
C830,BL,1.0,-4,Mu,Inter,SLOEI
C831,BR,0.0,-1,Lo,Lo,RLUEN
C832,BR,0.0,-4,Mu,Bo,SLUAN
C833,FL,0.0,7,Intra,Mu,SLUAN
C834,FR,-5.0,9,Lo,Intra,RLOAN
C835,FL,-2.0,5,Mu,Lo,RCOEN
C836,BL,4.0,-4,Lo,Lin,SCOAN
C837,FR,-4.0,3,Lo,Lo,SLOAN
C838,BL,4.0,0,Intra,Lin,RLOEN
C839,BL,3.0,-4,Bo,Vi,RLOEN
C84,FL,-2.0,-3,Bo,Vi,RLOAN
C840,BL,-5.0,3,Lo,Bo,SLOAN
C841,BL,-7.0,6,Lin,Lin,SLOAN
C842,FL,0.0,5,Inter,Lin,SLOAN
C843,FL,-3.0,2,Lo,Lo,RCUEN
C844,FL,-5.0,0,Lin,Vi,SLOEN
C845,FL,4.0,-4,Inter,Lin,RLOEN
C846,FL,-7.0,1,Lo,Mu,SCOAN
C847,FR,0.0,5,Lo,Lin,RLOEN
C848,FL,3.0,-4,Lin,Lin,SLOAN
C849,BL,1.0,-3,Lin,Bo,SCUAN
C85,BR,-1.0,0,Inter,Lin,SLOAI
C850,BL,-5.0,7,Lin,Mu,SCOAN
C851,FL,-7.0,-1,Mu,Intra,RCUAN
C852,FL,1.0,7,Mu,Lo,SLOEN
C853,FL,1.0,-5,Inter,Lin,SLUAN
C854,BL,-2.0,3,Bo,Intra,RLOEN
C855,FL,1.0,4,Intra,Mu,RCOAN
C856,BR,-1.0,-5,Intra,Inter,SCUEI
C857,FL,-5.0,5,Mu,Vi,SLOAN
C858,BL,7.0,-3,Na,Lin,SLOAN
C859,FL,8.0,4,Inter,Vi,RLUEN
C86,BL,0.0,2,Lo,Vi,SCOAN
C860,BL,2.0,1,Intra,Lin,RLOAN
C861,FR,2.0,-4,Mu,Lo,RLOAN
C862,BL,-13.0,3,Lin,Bo,RLOAI
C863,FL,-13.0,6,Intra,Mu,SLOAN
C864,BR,-8.0,-1,Intra,Lin,SCOAI
C865,BL,0.0,8,Bo,Bo,SCOAN
C866,BL,1.0,10,Inter,Lin,RLUEN
C867,BL,-5.0,-2,Mu,Vi,SCOAN
C868,FL,-14.0,10,Mu,Vi,SLOAN
C869,BL,-1.0,-4,Na,Mu,RCOAN
C87,BR,-2.0,0,Mu,Vi,SCUAI
C870,FL,5.0,0,Inter,Mu,RCOAI
C871,FL,4.0,7,Inter,Vi,RLUAI
C872,BL,-5.0,-2,Mu,Intra,SCOAN
C873,FL,0.0,9,Mu,Mu,RCUAN
C874,FL,1.0,5,Mu,Mu,SLOEI
C875,BR,-2.0,7,Lo,Lo,SLOAN
C876,BL,-1.0,0,Lo,Lo,RCUEN
C877,BR,2.0,5,Inter,Lin,SCOAN
C878,BL,-5.0,-4,Lo,Inter,RLUAI
C879,FL,6.0,0,Mu,Lo,RCOAN
C88,BR,1.0,-2,Mu,Vi,SCOAI
C880,FL,-3.0,8,Mu,Mu,SLUAN
C881,BR,2.0,-4,Na,Lin,RLOAI
C882,FL,3.0,2,Lo,Lo,SCUEN
C883,BR,-10.0,5,Mu,Lo,SLUEI
C884,FL,-6.0,4,Na,Mu,SLUAN
C885,BL,0.0,-5,Na,Inter,RLUAN
C886,FL,-1.0,6,Mu,Vi,SLUAN
C887,FL,7.0,-2,Lin,Bo,RLOAN
C888,BL,-9.0,4,Mu,Lin,SLOAI
C889,FL,4.0,-2,Mu,Intra,RCUEN
C89,BR,2.0,1,Vi,Vi,SLOAN
C890,FL,-8.0,5,Inter,Lo,RCOAN
C891,FL,-1.0,-2,Bo,Lin,SCOEN
C892,FL,0.0,3,Lo,Inter,RLOAN
C893,FL,0.0,-4,Lo,Mu,SLOEI
C894,BR,-4.0,5,Inter,Mu,SLUAN
C895,FL,0.0,3,Inter,Intra,SLOAN
C896,BR,0.0,-5,Inter,Lin,SLUAN
C897,BR,-8.0,5,Na,Vi,SLOAN
C898,FL,-2.0,6,Mu,Intra,SLUAN
C899,FL,0.0,3,Inter,Lin,SLUAI
C9,BR,2.0,4,Lo,Lin,SCOAN
C90,BR,-3.0,5,Mu,Lo,SLUAN
C900,FL,9.0,-3,Inter,Lin,SCOAN
C901,BR,0.0,-4,Lo,Lo,RLUEN
C902,FL,1.0,3,Inter,Intra,RLOAI
C903,FL,5.0,-2,Vi,Bo,SLOAN
C904,BR,-6.0,-2,Na,Vi,SCOAN
C905,FL,0.0,-4,Mu,Vi,RLUAI
C906,FL,1.0,3,Lin,Vi,RCOEI
C907,FR,5.0,-2,Mu,Vi,SLUAN
C908,FL,-6.0,-2,Na,Lin,SLOAN
C909,BR,-1.0,-5,Lin,Vi,SLUAN
C91,BL,7.0,5,Lo,Vi,SCOAN
C910,FL,-1.0,-4,Mu,Lo,SCOAN
C911,FR,-1.0,-7,Inter,Intra,RLUAN
C912,BL,-5.0,7,Bo,Vi,SLUAN
C913,FL,1.0,-1,Mu,Mu,RLOAI
C914,FL,1.0,1,Lo,Intra,SLOEN
C915,FL,-6.0,3,Mu,Intra,SLUAN
C916,BL,-7.0,-2,Lo,Intra,SCOAI
C917,BL,-1.0,-1,Intra,Intra,RLOAN
C918,FR,-4.0,5,Na,Bo,SLOAN
C919,BR,-5.0,12,Na,Bo,RCUAN
C92,BR,-4.0,0,Inter,Inter,SCOAN
C920,FL,-6.0,-1,Inter,Intra,SLUAN
C921,FL,-4.0,4,Mu,Bo,RLUAN
C922,BL,2.0,1,Lo,Bo,RLOEN
C923,BR,-4.0,-4,Lin,Lin,RLUEN
C924,FL,2.0,-4,Intra,Intra,RCOAN
C925,FL,-4.0,5,Mu,Lo,SLUEI
C926,BL,4.0,4,Inter,Vi,SLOEN
C927,BL,1.0,1,Lo,Intra,SLUEN
C928,FL,-1.0,5,Bo,Vi,SLUAN
C929,BL,9.0,8,Mu,Lin,SLOAN
C93,BL,5.0,2,Na,Intra,RCUEN
C930,BR,-8.0,-1,Lin,Inter,RLOAN
C931,FL,-5.0,0,Mu,Lo,SLUAN
C932,FL,9.0,2,Inter,Intra,SCOAN
C933,FL,-6.0,10,Lin,Lin,RCUEI
C934,BL,-6.0,2,Intra,Lin,SLOEN
C935,BL,2.0,1,Intra,Mu,RLUAN
C936,BL,-9.0,0,Inter,Intra,SCOAN
C937,FR,0.0,5,Mu,Mu,SLOAN
C938,BL,10.0,-6,Bo,Intra,SCOAI
C939,FR,-6.0,3,Inter,Mu,SCUAN
C94,BR,0.0,0,Na,Lo,RCOAN
C940,BL,2.0,-5,Intra,Bo,SCOAI
C941,BL,-4.0,-6,Vi,Bo,SCOAN
C942,FR,5.0,-3,Na,Lo,RCUAN
C943,BR,-3.0,-4,Intra,Mu,SLOAN
C944,FR,-1.0,5,Mu,Mu,SLUAI
C945,FL,-6.0,10,Vi,Mu,RLUEN
C946,FL,-1.0,-4,Mu,Vi,SLOAI
C947,BR,-3.0,-1,Lin,Lo,RCUEI
C948,FL,-2.0,8,Mu,Vi,SLUAN
C949,FL,3.0,4,Lo,Lo,SLUAN
C95,BL,1.0,6,Lo,Mu,SLOEI
C950,FL,3.0,0,Lo,Inter,SCOAN
C951,FL,-1.0,1,Lin,Bo,SLOAI
C952,BL,3.0,3,Lin,Lo,SLUAN
C953,BR,0.0,2,Mu,Lin,RLUAN
C954,FL,-1.0,6,Lin,Vi,RLUAN
C955,BL,1.0,6,Inter,Bo,SCUAN
C956,BL,-2.0,1,Mu,Intra,SLOAN
C957,FL,1.0,7,Lin,Lin,RLOAN
C958,BL,4.0,1,Inter,Lo,SCOAN
C959,FL,-5.0,10,Inter,Mu,SLUAN
C96,BR,12.0,0,Bo,Mu,SCOAN
C960,FL,0.0,-6,Lo,Inter,SCOAN
C961,BL,1.0,2,Lin,Lo,SCUAN
C962,BL,-4.0,-1,Mu,Mu,RLOEI
C963,FL,4.0,2,Na,Inter,SCUEI
C964,FL,-2.0,2,Mu,Vi,SLUAN
C965,FL,-1.0,0,Lo,Vi,SLOAI
C966,FL,-2.0,1,Bo,Mu,SLOAN
C967,FL,-5.0,-5,Inter,Mu,SCOAN
C968,BL,2.0,1,Lin,Intra,SCOAN
C969,FL,4.0,5,Inter,Lin,SLUAN
C97,FR,-6.0,-1,Na,Intra,RCOEN
C970,BR,-1.0,-8,Inter,Mu,SCOAI
C971,BL,6.0,-2,Lin,Intra,SLOAN
C972,BL,7.0,5,Inter,Vi,SCUAN
C973,FR,-9.0,-1,Lo,Vi,RCOAN
C974,FL,-3.0,-1,Vi,Vi,SLOAI
C975,FL,-9.0,-1,Lin,Lin,SCOEI
C976,BL,1.0,3,Mu,Lin,RCOAN
C977,FL,3.0,1,Bo,Lin,SLUEN
C978,BL,-3.0,4,Mu,Inter,SCUAN
C979,FL,-2.0,10,Inter,Lo,SLUEI
C98,BR,7.0,-4,Intra,Lin,SCOAN
C980,FL,-7.0,-1,Bo,Mu,SCUEI
C981,FL,-2.0,-3,Mu,Lo,SCOAI
C982,BL,-3.0,0,Lin,Intra,SLUEI
C983,FL,-2.0,-6,Lin,Intra,RCOEI
C984,FL,2.0,-1,Mu,Lin,RLUEI
C985,FL,3.0,-3,Lo,Bo,SLOAI
C986,BR,-4.0,5,Intra,Lo,RCUEN
C987,FL,-7.0,-2,Mu,Vi,SLUAN
C988,FL,3.0,2,Mu,Intra,SLOAN
C989,BL,-1.0,2,Lo,Vi,SCOEN
C99,BR,-4.0,-1,Inter,Lo,SLOAN
C990,FL,-2.0,1,Bo,Vi,SCOAI
C991,FL,6.0,-8,Intra,Lo,RLOAN
C992,BL,-2.0,7,Lo,Lo,SLOAN
C993,BR,-1.0,2,Lin,Lin,SCOEN
C994,FL,-1.0,10,Inter,Intra,SLUAN
C995,FL,2.0,0,Lin,Vi,SLUAN
C996,FL,-9.0,-4,Mu,Intra,RLOAI
C997,BR,-2.0,6,Na,Lo,RCOAN
C998,FL,-8.0,-1,Vi,Intra,SLUEN
C999,BR,0.0,-1,Na,Mu,RLOAI
C1145,BL,2.0,-2,Inter,Lin,SCUEN
